date,dau,wau,mau
2024-01-01,1315,1315,1315
2024-01-02,1402,2271,2271
2024-01-03,1335,2896,2896
2024-01-04,1278,3349,3349
2024-01-05,1349,3724,3724
2024-01-06,1314,4008,4008
2024-01-07,1342,4228,4228
2024-01-08,1369,4259,4423
2024-01-09,1382,4244,4576
2024-01-10,1351,4237,4702
2024-01-11,1372,4277,4818
2024-01-12,1405,4285,4915
2024-01-13,1370,4307,4992
2024-01-14,1400,4308,5056
2024-01-15,1375,4329,5107
2024-01-16,1382,4317,5155
2024-01-17,1353,4293,5207
2024-01-18,1384,4322,5243
2024-01-19,1412,4318,5287
2024-01-20,1410,4337,5322
2024-01-21,1346,4326,5352
2024-01-22,1399,4340,5390
2024-01-23,1408,4348,5410
2024-01-24,1355,4374,5427
2024-01-25,1397,4389,5448
2024-01-26,1418,4377,5462
2024-01-27,1361,4375,5478
2024-01-28,1326,4371,5496
2024-01-29,1393,4374,5511
2024-01-30,1394,4395,5528
2024-01-31,1433,4394,5533
2024-02-01,1421,4392,5547
2024-02-02,1444,4391,5558
2024-02-03,1430,4395,5577
2024-02-04,1395,4427,5589
2024-02-05,1393,4443,5603
2024-02-06,1461,4487,5621
2024-02-07,1416,4471,5632
2024-02-08,1456,4472,5635
2024-02-09,1429,4482,5641
2024-02-10,1469,4493,5642
2024-02-11,1483,4561,5663
2024-02-12,1417,4583,5673
2024-02-13,1488,4595,5686
2024-02-14,1460,4620,5704
2024-02-15,1431,4622,5714
2024-02-16,1506,4633,5727
2024-02-17,1471,4652,5743
2024-02-18,1485,4622,5751
2024-02-19,1455,4599,5760
2024-02-20,1522,4597,5768
2024-02-21,1449,4602,5792
2024-02-22,1492,4631,5811
2024-02-23,1493,4666,5827
2024-02-24,1482,4682,5838
2024-02-25,1530,4703,5851
2024-02-26,1456,4714,5864
2024-02-27,1487,4707,5879
2024-02-28,1482,4722,5894
2024-02-29,1599,4740,5903
2024-03-01,1522,4752,5919
2024-03-02,1560,4793,5938
2024-03-03,1554,4796,5961
2024-03-04,1521,4777,5972
2024-03-05,1540,4793,5986
2024-03-06,1492,4813,6005
2024-03-07,1572,4847,6022
2024-03-08,1639,4875,6047
2024-03-09,1543,4888,6058
2024-03-10,1585,4891,6073
2024-03-11,1612,4884,6084
2024-03-12,1494,4918,6099
2024-03-13,1553,4926,6111
2024-03-14,1519,4921,6132
2024-03-15,1609,4917,6150
2024-03-16,1609,4927,6156
2024-03-17,1530,4945,6174
2024-03-18,1590,4926,6189
2024-03-19,1472,4912,6193
2024-03-20,1643,4911,6207
2024-03-21,1605,4964,6229
2024-03-22,1600,4965,6245
2024-03-23,1611,5002,6264
2024-03-24,1629,5016,6279
2024-03-25,1572,5051,6290
2024-03-26,1543,5062,6304
2024-03-27,1587,5063,6316
2024-03-28,1552,5048,6324
2024-03-29,1641,5029,6339
2024-03-30,1664,5037,6358
2024-03-31,1639,5071,6373
2024-04-01,1613,5067,6392
2024-04-02,1603,5105,6408
2024-04-03,1630,5117,6423
2024-04-04,1701,5136,6439
2024-04-05,1592,5153,6457
2024-04-06,1585,5149,6466
2024-04-07,1680,5158,6474
2024-04-08,1581,5161,6485
2024-04-09,1668,5201,6496
2024-04-10,1635,5193,6507
2024-04-11,1662,5210,6520
2024-04-12,1686,5231,6535
2024-04-13,1682,5264,6549
2024-04-14,1693,5295,6572
2024-04-15,1598,5279,6589
2024-04-16,1710,5266,6606
2024-04-17,1695,5290,6621
2024-04-18,1658,5292,6638
2024-04-19,1674,5283,6647
2024-04-20,1748,5339,6664
2024-04-21,1670,5330,6672
2024-04-22,1715,5374,6696
2024-04-23,1738,5390,6710
2024-04-24,1704,5427,6722
2024-04-25,1708,5416,6745
2024-04-26,1739,5438,6762
2024-04-27,1732,5436,6777
2024-04-28,1714,5416,6791
2024-04-29,1773,5428,6806
2024-04-30,1789,5468,6834
2024-05-01,1744,5471,6846
2024-05-02,1779,5479,6856
2024-05-03,1777,5532,6872
2024-05-04,1749,5493,6882
2024-05-05,1713,5513,6900
2024-05-06,1682,5504,6916
2024-05-07,1742,5494,6927
2024-05-08,1773,5555,6946
2024-05-09,1761,5569,6970
2024-05-10,1757,5582,6986
2024-05-11,1768,5576,7001
2024-05-12,1766,5586,7014
2024-05-13,1792,5643,7031
2024-05-14,1820,5669,7046
2024-05-15,1818,5660,7060
2024-05-16,1780,5652,7071
2024-05-17,1778,5677,7083
2024-05-18,1784,5672,7109
2024-05-19,1796,5671,7119
2024-05-20,1842,5727,7133
2024-05-21,1749,5660,7144
2024-05-22,1858,5678,7161
2024-05-23,1893,5678,7177
2024-05-24,1825,5685,7192
2024-05-25,1855,5723,7199
2024-05-26,1804,5725,7210
2024-05-27,1863,5746,7212
2024-05-28,1861,5760,7226
2024-05-29,1908,5809,7239
2024-05-30,1840,5816,7258
2024-05-31,1866,5846,7271
2024-06-01,1832,5831,7283
2024-06-02,1863,5888,7302
2024-06-03,1903,5935,7323
2024-06-04,1837,5913,7336
2024-06-05,1878,5886,7358
2024-06-06,1874,5866,7366
2024-06-07,1834,5851,7374
2024-06-08,1873,5857,7384
2024-06-09,1883,5900,7399
2024-06-10,1852,5882,7417
2024-06-11,1843,5929,7428
2024-06-12,1914,5971,7452
2024-06-13,1900,5956,7475
2024-06-14,1934,5978,7498
2024-06-15,1903,5963,7519
2024-06-16,1881,5985,7534
2024-06-17,1873,6028,7550
2024-06-18,1912,6052,7563
2024-06-19,1902,6043,7580
2024-06-20,1880,6013,7589
2024-06-21,1968,6041,7608
2024-06-22,1913,6055,7619
2024-06-23,1925,6080,7640
2024-06-24,1977,6048,7650
2024-06-25,1972,6069,7669
2024-06-26,2011,6066,7680
2024-06-27,1922,6096,7707
2024-06-28,1931,6112,7727
2024-06-29,1974,6146,7736
2024-06-30,1960,6225,7757
2024-07-01,1921,6191,7765
2024-07-02,1971,6188,7782
2024-07-03,1974,6189,7791
2024-07-04,1953,6186,7804
2024-07-05,1943,6222,7820
2024-07-06,1992,6225,7837
2024-07-07,1900,6202,7855
2024-07-08,1968,6224,7876
2024-07-09,2057,6256,7892
2024-07-10,2012,6256,7904
2024-07-11,2048,6334,7913
2024-07-12,1976,6338,7925
2024-07-13,1938,6304,7931
2024-07-14,1968,6339,7951
2024-07-15,1991,6348,7960
2024-07-16,2018,6324,7970
2024-07-17,2046,6361,7984
2024-07-18,1994,6349,7996
2024-07-19,2056,6378,8012
2024-07-20,2028,6398,8027
2024-07-21,2017,6424,8032
2024-07-22,2028,6465,8061
2024-07-23,2107,6476,8084
2024-07-24,2094,6495,8102
2024-07-25,2112,6489,8114
2024-07-26,2040,6490,8128
2024-07-27,1988,6526,8141
2024-07-28,2082,6540,8163
2024-07-29,2052,6545,8182
2024-07-30,2031,6561,8188
2024-07-31,2123,6550,8207
2024-08-01,2089,6599,8226
2024-08-02,2072,6562,8237
2024-08-03,2121,6601,8247
2024-08-04,2134,6646,8256
2024-08-05,2098,6666,8274
2024-08-06,2139,6720,8302
2024-08-07,2063,6703,8317
2024-08-08,2101,6712,8322
2024-08-09,2120,6708,8336
2024-08-10,2163,6680,8356
2024-08-11,2213,6723,8385
2024-08-12,2114,6734,8395
2024-08-13,2119,6742,8410
2024-08-14,2139,6727,8423
2024-08-15,2102,6745,8440
2024-08-16,2121,6796,8460
2024-08-17,2233,6799,8469
2024-08-18,2144,6760,8484
2024-08-19,2149,6818,8505
2024-08-20,2133,6815,8512
2024-08-21,2206,6825,8525
2024-08-22,2211,6833,8548
2024-08-23,2183,6868,8573
2024-08-24,2161,6889,8591
2024-08-25,2135,6891,8602
2024-08-26,2180,6899,8621
2024-08-27,2202,6929,8634
2024-08-28,2183,6925,8652
2024-08-29,2240,6919,8658
2024-08-30,2200,6933,8677
2024-08-31,2170,6928,8689
2024-09-01,2205,6933,8704
2024-09-02,2271,6963,8719
2024-09-03,2205,6965,8728
2024-09-04,2176,6966,8750
2024-09-05,2281,6979,8767
2024-09-06,2217,6988,8771
2024-09-07,2197,7032,8786
2024-09-08,2247,7050,8805
2024-09-09,2189,7035,8815
2024-09-10,2279,7069,8829
2024-09-11,2155,7078,8850
2024-09-12,2245,7083,8868
2024-09-13,2289,7126,8877
2024-09-14,2256,7134,8902
2024-09-15,2261,7138,8912
2024-09-16,2265,7159,8934
2024-09-17,2246,7166,8949
2024-09-18,2267,7154,8960
2024-09-19,2300,7155,8987
2024-09-20,2309,7158,9004
2024-09-21,2250,7168,9021
2024-09-22,2340,7204,9030
2024-09-23,2294,7248,9042
2024-09-24,2313,7255,9055
2024-09-25,2302,7303,9072
2024-09-26,2282,7309,9084
2024-09-27,2233,7292,9107
2024-09-28,2335,7279,9121
2024-09-29,2348,7288,9141
2024-09-30,2353,7306,9154
2024-10-01,2309,7344,9170
2024-10-02,2330,7360,9188
2024-10-03,2295,7344,9206
2024-10-04,2338,7383,9222
2024-10-05,2340,7400,9233
2024-10-06,2323,7387,9245
2024-10-07,2298,7359,9257
2024-10-08,2391,7384,9273
2024-10-09,2429,7437,9294
2024-10-10,2439,7455,9305
2024-10-11,2323,7442,9312
2024-10-12,2338,7457,9328
2024-10-13,2374,7457,9343
2024-10-14,2435,7468,9365
2024-10-15,2361,7517,9391
2024-10-16,2430,7521,9406
2024-10-17,2316,7509,9432
2024-10-18,2354,7529,9448
2024-10-19,2403,7534,9473
2024-10-20,2398,7548,9493
2024-10-21,2462,7546,9511
2024-10-22,2408,7549,9535
2024-10-23,2366,7600,9545
2024-10-24,2421,7648,9555
2024-10-25,2409,7648,9577
2024-10-26,2424,7648,9593
2024-10-27,2470,7659,9611
2024-10-28,2470,7645,9623
2024-10-29,2442,7649,9630
2024-10-30,2409,7695,9640
2024-10-31,2484,7691,9655
2024-11-01,2538,7776,9681
2024-11-02,2434,7762,9700
2024-11-03,2440,7808,9720
2024-11-04,2471,7774,9740
2024-11-05,2449,7781,9762
2024-11-06,2519,7829,9783
2024-11-07,2468,7840,9806
2024-11-08,2466,7822,9822
2024-11-09,2442,7853,9845
2024-11-10,2513,7876,9857
2024-11-11,2413,7889,9875
2024-11-12,2506,7937,9883
2024-11-13,2500,7932,9888
2024-11-14,2454,7942,9898
2024-11-15,2537,7932,9912
2024-11-16,2531,7970,9930
2024-11-17,2551,7959,9949
2024-11-18,2577,7997,9965
2024-11-19,2562,8024,9985
2024-11-20,2553,8067,10010
2024-11-21,2505,8059,10025
2024-11-22,2542,8067,10037
2024-11-23,2509,8118,10051
2024-11-24,2498,8101,10067
2024-11-25,2458,8009,10084
2024-11-26,2534,7986,10097
2024-11-27,2540,7988,10100
2024-11-28,2458,7967,10108
2024-11-29,2555,7994,10133
2024-11-30,2594,8043,10153
2024-12-01,2538,8018,10173
2024-12-02,2642,8092,10177
2024-12-03,2514,8084,10190
2024-12-04,2577,8125,10201
2024-12-05,2564,8159,10222
2024-12-06,2623,8165,10233
2024-12-07,2618,8204,10252
2024-12-08,2609,8234,10260
2024-12-09,2590,8215,10279
2024-12-10,2611,8240,10299
2024-12-11,2556,8177,10318
2024-12-12,2592,8176,10331
2024-12-13,2623,8196,10349
2024-12-14,2664,8234,10364
2024-12-15,2653,8286,10385
2024-12-16,2633,8287,10398
2024-12-17,2579,8291,10397
2024-12-18,2567,8306,10410
2024-12-19,2605,8296,10422
2024-12-20,2605,8330,10436
2024-12-21,2732,8342,10472
2024-12-22,2642,8335,10485
2024-12-23,2639,8384,10500
2024-12-24,2671,8369,10518
2024-12-25,2576,8368,10538
2024-12-26,2694,8410,10548
2024-12-27,2645,8433,10574
2024-12-28,2709,8480,10589
2024-12-29,2677,8487,10606
2024-12-30,2621,8440,10609
2024-12-31,2629,8448,10630
2025-01-01,2652,8445,10643
2025-01-02,2639,8418,10653
2025-01-03,2619,8413,10670
2025-01-04,2641,8375,10675
2025-01-05,2651,8365,10696
2025-01-06,2692,8395,10716
2025-01-07,2709,8450,10737
2025-01-08,2710,8516,10740
2025-01-09,2818,8604,10756
2025-01-10,2621,8596,10765
2025-01-11,2693,8627,10786
2025-01-12,2786,8628,10794
2025-01-13,2692,8621,10812
2025-01-14,2722,8631,10823
2025-01-15,2752,8626,10846
2025-01-16,2771,8603,10859
2025-01-17,2783,8624,10859
2025-01-18,2730,8677,10874
2025-01-19,2732,8676,10891
2025-01-20,2719,8663,10908
2025-01-21,2865,8714,10928
2025-01-22,2824,8779,10951
2025-01-23,2779,8776,10976
2025-01-24,2771,8790,10996
2025-01-25,2794,8841,11018
2025-01-26,2797,8834,11033
2025-01-27,2740,8859,11044
2025-01-28,2834,8851,11068
2025-01-29,2823,8871,11083
2025-01-30,2784,8872,11099
2025-01-31,2827,8867,11109
2025-02-01,2879,8895,11130
2025-02-02,2835,8887,11154
2025-02-03,2839,8898,11168
2025-02-04,2841,8934,11185
2025-02-05,2847,8962,11210
2025-02-06,2915,8982,11229
2025-02-07,2836,8965,11249
2025-02-08,2915,8990,11259
2025-02-09,2921,9038,11278
2025-02-10,2797,9032,11304
2025-02-11,2890,9025,11316
2025-02-12,2860,9067,11345
2025-02-13,2923,9097,11363
2025-02-14,2875,9081,11374
2025-02-15,2917,9105,11400
2025-02-16,2887,9121,11409
2025-02-17,2849,9093,11423
2025-02-18,2927,9154,11446
2025-02-19,2946,9202,11469
2025-02-20,2879,9179,11471
2025-02-21,2936,9219,11483
2025-02-22,2975,9238,11501
2025-02-23,2914,9243,11514
2025-02-24,2895,9252,11529
2025-02-25,2928,9269,11557
2025-02-26,2944,9280,11571
2025-02-27,2896,9288,11595
2025-02-28,2915,9298,11608
2025-03-01,2979,9304,11626
2025-03-02,2899,9311,11643
2025-03-03,2941,9284,11669
2025-03-04,2908,9303,11683
2025-03-05,2982,9287,11705
2025-03-06,2921,9302,11719
2025-03-07,3086,9362,11737
2025-03-08,2899,9339,11762
2025-03-09,3024,9400,11776
2025-03-10,3017,9455,11801
2025-03-11,3001,9493,11834
2025-03-12,2981,9527,11861
2025-03-13,2927,9553,11880
2025-03-14,3015,9513,11901
2025-03-15,2989,9511,11924
2025-03-16,3000,9491,11953
2025-03-17,3015,9517,11973
2025-03-18,3060,9544,11992
2025-03-19,3005,9549,12010
2025-03-20,3006,9561,12022
2025-03-21,3071,9598,12043
2025-03-22,3065,9638,12066
2025-03-23,3041,9653,12094
2025-03-24,3064,9656,12110
2025-03-25,3014,9683,12133
2025-03-26,3033,9664,12162
2025-03-27,3043,9679,12183
2025-03-28,3032,9672,12201
2025-03-29,3127,9722,12223
2025-03-30,3068,9696,12239
2025-03-31,3068,9729,12258
2025-04-01,2997,9756,12283
2025-04-02,3064,9776,12295
2025-04-03,3142,9816,12313
2025-04-04,3140,9817,12334
2025-04-05,3080,9746,12344
2025-04-06,3095,9779,12364
2025-04-07,3215,9876,12384
2025-04-08,3089,9892,12405
2025-04-09,3111,9924,12409
2025-04-10,3195,9979,12447
2025-04-11,3245,9971,12462
2025-04-12,3231,9963,12482
2025-04-13,3139,9990,12519
2025-04-14,3096,9969,12535
2025-04-15,3244,9976,12555
2025-04-16,3170,9999,12567
2025-04-17,3221,10053,12578
2025-04-18,3210,10094,12604
2025-04-19,3226,10077,12625
2025-04-20,3181,10096,12634
2025-04-21,3112,10098,12648
2025-04-22,3184,10070,12673
2025-04-23,3231,10104,12695
2025-04-24,3231,10102,12728
2025-04-25,3285,10172,12756
2025-04-26,3277,10149,12769
2025-04-27,3188,10189,12787
2025-04-28,3253,10228,12803
2025-04-29,3199,10235,12821
2025-04-30,3299,10209,12847
2025-05-01,3060,10159,12859
2025-05-02,3316,10211,12873
2025-05-03,3283,10241,12895
2025-05-04,3411,10331,12917
2025-05-05,3354,10324,12950
2025-05-06,3318,10345,12972
2025-05-07,3332,10384,12984
2025-05-08,3331,10441,13004
2025-05-09,3331,10437,13027
2025-05-10,3261,10436,13043
2025-05-11,3350,10478,13072
2025-05-12,3355,10478,13091
2025-05-13,3280,10477,13118
2025-05-14,3335,10524,13143
2025-05-15,3352,10529,13160
2025-05-16,3332,10528,13179
2025-05-17,3224,10543,13202
2025-05-18,3356,10553,13216
2025-05-19,3320,10521,13234
2025-05-20,3348,10606,13254
2025-05-21,3386,10619,13276
2025-05-22,3357,10589,13294
2025-05-23,3373,10606,13319
2025-05-24,3450,10658,13341
2025-05-25,3317,10658,13367
2025-05-26,3435,10717,13394
2025-05-27,3402,10756,13417
2025-05-28,3455,10742,13440
2025-05-29,3433,10798,13464
2025-05-30,3355,10808,13487
2025-05-31,3479,10805,13507
2025-06-01,3479,10839,13524
2025-06-02,3572,10890,13545
2025-06-03,3461,10907,13570
2025-06-04,3431,10939,13582
2025-06-05,3448,10961,13597
2025-06-06,3541,11046,13620
2025-06-07,3493,11028,13632
2025-06-08,3483,11010,13656
2025-06-09,3464,10979,13677
2025-06-10,3571,11012,13705
2025-06-11,3501,11053,13723
2025-06-12,3469,11078,13747
2025-06-13,3524,11099,13763
2025-06-14,3509,11087,13787
2025-06-15,3459,11084,13807
2025-06-16,3442,11037,13829
2025-06-17,3536,11090,13855
2025-06-18,3385,11059,13879
2025-06-19,3412,11076,13896
2025-06-20,3586,11060,13913
2025-06-21,3543,11042,13943
2025-06-22,3577,11086,13966
2025-06-23,3564,11102,13990
2025-06-24,3576,11147,14005
2025-06-25,3515,11185,14035
2025-06-26,3705,11216,14045
2025-06-27,3565,11231,14072
2025-06-28,3520,11254,14081
2025-06-29,3614,11313,14103
2025-06-30,3520,11293,14122
2025-07-01,3569,11292,14152
2025-07-02,3505,11285,14172
2025-07-03,3579,11341,14207
2025-07-04,3595,11348,14227
2025-07-05,3596,11338,14240
2025-07-06,3619,11332,14264
2025-07-07,3637,11338,14286
2025-07-08,3661,11425,14313
2025-07-09,3534,11459,14323
2025-07-10,3572,11442,14338
2025-07-11,3546,11456,14360
2025-07-12,3578,11475,14383
2025-07-13,3702,11543,14404
2025-07-14,3584,11472,14421
2025-07-15,3608,11497,14445
2025-07-16,3613,11520,14474
2025-07-17,3651,11587,14499
2025-07-18,3599,11590,14525
2025-07-19,3672,11655,14552
2025-07-20,3715,11606,14579
2025-07-21,3734,11641,14602
2025-07-22,3729,11697,14629
2025-07-23,3736,11753,14651
2025-07-24,3686,11749,14660
2025-07-25,3640,11774,14678
2025-07-26,3789,11790,14698
2025-07-27,3770,11821,14719
2025-07-28,3671,11784,14739
2025-07-29,3795,11800,14753
2025-07-30,3656,11810,14774
2025-07-31,3718,11860,14811
2025-08-01,3739,11885,14820
2025-08-02,3788,11928,14835
2025-08-03,3757,11874,14861
2025-08-04,3727,11940,14877
2025-08-05,3845,11951,14907
2025-08-06,3850,11986,14917
2025-08-07,3735,11941,14934
2025-08-08,3816,11949,14951
2025-08-09,3863,11934,14972
2025-08-10,3779,11973,14993
2025-08-11,3836,12064,15013
2025-08-12,3771,12021,15039
2025-08-13,3765,12080,15061
2025-08-14,3800,12072,15067
2025-08-15,3781,12065,15091
2025-08-16,3842,12035,15121
2025-08-17,3856,12026,15144
2025-08-18,3800,12059,15159
2025-08-19,3850,12078,15171
2025-08-20,3801,12108,15194
2025-08-21,3811,12099,15211
2025-08-22,3887,12151,15224
2025-08-23,3837,12186,15241
2025-08-24,3726,12174,15254
2025-08-25,3847,12164,15276
2025-08-26,3809,12134,15292
2025-08-27,3957,12181,15310
2025-08-28,3900,12191,15321
2025-08-29,3972,12233,15336
2025-08-30,3934,12256,15354
2025-08-31,3932,12301,15383
2025-09-01,3887,12337,15406
2025-09-02,3957,12377,15434
2025-09-03,3963,12425,15472
2025-09-04,3931,12459,15496
2025-09-05,3949,12459,15509
2025-09-06,4015,12475,15529
2025-09-07,3876,12508,15542
2025-09-08,3889,12493,15558
2025-09-09,3985,12526,15583
2025-09-10,4022,12562,15606
2025-09-11,3965,12507,15623
2025-09-12,3944,12551,15642
2025-09-13,3972,12567,15667
2025-09-14,3965,12559,15702
2025-09-15,3963,12588,15724
2025-09-16,3983,12548,15736
2025-09-17,4109,13235,16537
2025-09-18,3913,13567,17026
2025-09-19,3970,13815,17412
2025-09-20,3972,13997,17714
2025-09-21,3978,14100,17962
2025-09-22,3965,14173,18150
2025-09-23,4014,14183,18312
2025-09-24,4089,14226,18450
2025-09-25,3976,14273,18541
2025-09-26,4078,14257,18625
2025-09-27,4024,14296,18692
2025-09-28,4055,14265,18743
2025-09-29,3967,14290,18784
2025-09-30,4024,14295,18829
2025-10-01,3917,14295,18860
2025-10-02,4135,14269,18893
2025-10-03,3974,14216,18933
2025-10-04,3915,14206,18953
2025-10-05,3988,14180,18971
2025-10-06,4065,14221,18998
2025-10-07,3979,14215,19008
2025-10-08,3930,14218,19020
2025-10-09,3968,14212,19041
2025-10-10,3914,14226,19053
2025-10-11,3982,14265,19068
2025-10-12,3994,14254,19072
2025-10-13,3917,14178,19069
2025-10-14,4017,14233,19074
2025-10-15,4014,14253,19062
2025-10-16,3948,14183,19046
2025-10-17,3922,14166,19043
2025-10-18,3978,14157,19044
2025-10-19,4022,14081,19051
2025-10-20,3961,14132,19059
2025-10-21,3904,14159,19053
2025-10-22,3871,14153,19068
2025-10-23,3965,14193,19056
2025-10-24,4062,14206,19073
2025-10-25,4020,14192,19074
2025-10-26,4112,14229,19088
2025-10-27,4013,14267,19096
2025-10-28,4013,14298,19112
2025-10-29,4091,14376,19121
2025-10-30,3954,14358,19111
2025-10-31,4024,14362,19107
2025-11-01,4036,14350,19110
2025-11-02,4029,14263,19128
2025-11-03,4048,14254,19134
2025-11-04,4079,14327,19136
2025-11-05,3949,14238,19141
2025-11-06,4041,14289,19146
2025-11-07,3969,14296,19157
2025-11-08,4024,14285,19169
2025-11-09,4009,14288,19173
2025-11-10,4071,14304,19173
2025-11-11,4069,14297,19197
2025-11-12,3988,14282,19212
2025-11-13,4100,14306,19232
2025-11-14,3958,14353,19239
2025-11-15,3949,14382,19250
2025-11-16,4077,14426,19268
2025-11-17,3918,14431,19268
2025-11-18,4021,14383,19277
2025-11-19,3995,14362,19295
2025-11-20,4028,14329,19299
2025-11-21,4033,14352,19327
2025-11-22,4055,14353,19332
2025-11-23,3948,14352,19344
2025-11-24,4017,14431,19354
2025-11-25,4011,14401,19359
2025-11-26,3972,14422,19371
2025-11-27,4077,14455,19393
2025-11-28,4004,14425,19407
2025-11-29,3983,14396,19426
2025-11-30,3973,14428,19457
2025-12-01,3941,14366,19466
2025-12-02,4059,14431,19470
2025-12-03,4013,14461,19479
2025-12-04,4070,14529,19491
2025-12-05,4227,14527,19504
2025-12-06,4054,14545,19509
2025-12-07,4106,14520,19532
2025-12-08,4084,14597,19544
2025-12-09,4152,14612,19559
2025-12-10,4017,14586,19555
2025-12-11,4122,14600,19574
2025-12-12,4095,14549,19570
2025-12-13,4022,14529,19583
2025-12-14,4058,14606,19606
2025-12-15,4172,14675,19631
2025-12-16,4095,14664,19657
2025-12-17,4129,14676,19670
2025-12-18,4119,14695,19699
2025-12-19,4155,14690,19719
2025-12-20,4167,14701,19719
2025-12-21,4134,14731,19745
2025-12-22,4117,14703,19756
2025-12-23,4024,14754,19777
2025-12-24,4091,14766,19780
2025-12-25,4074,14756,19801
2025-12-26,4065,14704,19819
2025-12-27,4118,14739,19843
2025-12-28,4155,14723,19864
2025-12-29,4149,14725,19880
2025-12-30,4103,14717,19899
2025-12-31,4132,14728,19926
2026-01-01,4207,14840,19936
2026-01-02,4184,14842,19963
2026-01-03,4118,14906,19967
2026-01-04,4027,14909,19990
2026-01-05,4203,14890,20003
2026-01-06,4167,14844,20009
2026-01-07,4210,14874,20030
2026-01-08,4125,14858,20032
2026-01-09,4139,14870,20044
2026-01-10,4093,14879,20060
2026-01-11,4244,14943,20080
2026-01-12,4228,14958,20092
2026-01-13,4151,14996,20111
2026-01-14,4192,14925,20132
2026-01-15,4208,15010,20135
2026-01-16,4150,14955,20166
2026-01-17,4265,15000,20192
2026-01-18,4217,15002,20193
2026-01-19,4143,15020,20203
2026-01-20,4078,15023,20220
2026-01-21,4167,15017,20238
2026-01-22,4134,14966,20248
2026-01-23,4224,15034,20253
2026-01-24,4203,15059,20286
2026-01-25,4217,15081,20303
2026-01-26,4193,15091,20314
2026-01-27,4332,15120,20346
2026-01-28,4192,15111,20361
2026-01-29,4198,15123,20369
2026-01-30,4173,15158,20383
2026-01-31,4275,15157,20390
2026-02-01,4255,15163,20406
2026-02-02,4198,15198,20421
2026-02-03,4178,15197,20443
2026-02-04,4245,15197,20479
2026-02-05,4209,15283,20497
2026-02-06,4280,15323,20512
2026-02-07,4293,15335,20536
2026-02-08,4382,15324,20560
2026-02-09,4319,15334,20588
2026-02-10,4241,15310,20600
2026-02-11,4293,15380,20615
2026-02-12,4249,15358,20623
2026-02-13,4287,15394,20639
2026-02-14,4207,15441,20637
2026-02-15,4304,15416,20655
2026-02-16,4312,15474,20696
2026-02-17,4324,15429,20714
2026-02-18,4294,15376,20734
2026-02-19,4272,15407,20763
2026-02-20,4338,15418,20770
2026-02-21,4319,15424,20783
2026-02-22,4402,15461,20806
2026-02-23,4314,15454,20838
2026-02-24,4379,15549,20853
2026-02-25,4384,15583,20865
2026-02-26,4352,15578,20899
2026-02-27,4327,15568,20897
2026-02-28,4261,15513,20914
2026-03-01,4284,15458,20928
2026-03-02,4357,15513,20965
2026-03-03,4335,15524,20968
2026-03-04,4417,15520,20991
2026-03-05,4299,15544,21001
2026-03-06,4360,15561,21012
2026-03-07,4354,15618,21037
2026-03-08,4400,15686,21063
2026-03-09,4370,15740,21090
2026-03-10,4345,15786,21102
2026-03-11,4409,15733,21123
2026-03-12,4363,15790,21143
2026-03-13,4341,15768,21162
2026-03-14,4360,15759,21180
2026-03-15,4422,15769,21207
2026-03-16,4411,15799,21236
2026-03-17,4461,15776,21253
2026-03-18,4314,15780,21264
2026-03-19,4436,15861,21287
2026-03-20,4324,15842,21306
2026-03-21,4437,15888,21313
2026-03-22,4321,15868,21320
2026-03-23,4417,15823,21338
2026-03-24,4464,15840,21348
2026-03-25,4458,15849,21368
2026-03-26,4425,15867,21385
2026-03-27,4473,15961,21410
2026-03-28,4467,16026,21438
2026-03-29,4349,16019,21454
2026-03-30,4509,16003,21479
2026-03-31,4363,15962,21482
2026-04-01,4372,15943,21501
2026-04-02,4495,15983,21517
2026-04-03,4355,15947,21532
2026-04-04,4367,15899,21554
2026-04-05,4480,16011,21580
2026-04-06,4417,15993,21590
2026-04-07,4449,16008,21596
2026-04-08,4412,15988,21621
2026-04-09,4485,15985,21650
2026-04-10,4518,16059,21664
2026-04-11,4566,16084,21682
2026-04-12,4446,16122,21701
2026-04-13,4456,16139,21709
2026-04-14,4429,16037,21716
2026-04-15,4433,16055,21735
2026-04-16,4477,16037,21739
2026-04-17,4380,16060,21760
2026-04-18,4416,16063,21771
2026-04-19,4454,15991,21784
2026-04-20,4389,15917,21808
2026-04-21,4461,15926,21817
2026-04-22,4391,16007,21832
2026-04-23,4461,16056,21841
2026-04-24,4359,16116,21850
2026-04-25,4454,16106,21874
2026-04-26,4361,16074,21899
2026-04-27,4394,16089,21901
2026-04-28,4484,16091,21920
2026-04-29,4478,16040,21925
2026-04-30,4376,15978,21931
2026-05-01,4526,15996,21931
2026-05-02,4472,16027,21936
2026-05-03,4415,16048,21951
2026-05-04,4522,16119,21963
2026-05-05,4440,16106,21975
2026-05-06,4451,16103,21982
2026-05-07,4427,16117,21988
2026-05-08,4484,16119,22003
2026-05-09,4452,16144,22009
2026-05-10,4371,16137,22015
2026-05-11,4451,16067,22024
2026-05-12,4476,16115,22036
2026-05-13,4332,16110,22035
2026-05-14,4469,16089,22055
2026-05-15,4538,16165,22079
2026-05-16,4360,16138,22093
2026-05-17,4427,16126,22109
2026-05-18,4385,16130,22107
2026-05-19,4470,16127,22132
2026-05-20,4509,16206,22123
2026-05-21,4452,16212,22129
2026-05-22,4312,16168,22130
2026-05-23,4366,16176,22144
2026-05-24,4452,16151,22161
2026-05-25,4380,16091,22160
2026-05-26,4519,16091,22187
2026-05-27,4506,16104,22208
2026-05-28,4553,16184,22233
2026-05-29,4538,16279,22243
2026-05-30,4474,16301,22241
2026-05-31,4448,16292,22241
2026-06-01,4315,16276,22246
2026-06-02,4448,16269,22243
2026-06-03,4491,16330,22246
2026-06-04,4531,16243,22248
2026-06-05,4473,16224,22264
2026-06-06,4499,16247,22279
2026-06-07,4451,16280,22316
2026-06-08,4545,16332,22311
2026-06-09,4489,16355,22334
2026-06-10,4584,16407,22346
2026-06-11,4541,16409,22348
2026-06-12,4527,16399,22351
2026-06-13,4489,16395,22365
2026-06-14,4538,16423,22375
2026-06-15,4413,16380,22381
2026-06-16,4467,16396,22392
2026-06-17,4568,16424,22411
2026-06-18,4481,16366,22414
2026-06-19,4401,16308,22417
2026-06-20,4408,16340,22429
2026-06-21,4520,16346,22445
2026-06-22,4523,16401,22455
2026-06-23,4492,16411,22458
2026-06-24,4543,16441,22465
2026-06-25,4499,16442,22482
2026-06-26,4566,16431,22491
2026-06-27,4459,16408,22513
2026-06-28,4406,16353,22512
2026-06-29,4548,16402,22513
2026-06-30,4460,16416,22524
2026-07-01,4632,16401,22535
2026-07-02,4557,16420,22560
2026-07-03,4485,16452,22561
2026-07-04,4500,16515,22575
2026-07-05,4563,16614,22589
2026-07-06,4415,16588,22606
2026-07-07,4509,16571,22611
2026-07-08,4524,16552,22624
2026-07-09,4544,16505,22637
2026-07-10,4499,16481,22650
2026-07-11,4473,16465,22649
2026-07-12,4528,16486,22666
2026-07-13,4658,16537,22660
2026-07-14,4617,16545,22683
2026-07-15,4663,16615,22702
2026-07-16,4557,16621,22721
2026-07-17,4622,16634,22722
2026-07-18,4491,16676,22749
2026-07-19,4625,16691,22768
2026-07-20,4447,16634,22783
2026-07-21,4615,16603,22798
2026-07-22,4643,16644,22812
2026-07-23,4570,16648,22819
2026-07-24,4559,16605,22820
2026-07-25,4615,16698,22830
2026-07-26,4543,16658,22868
2026-07-27,4565,16714,22875
2026-07-28,4635,16658,22893
2026-07-29,4601,16647,22896
2026-07-30,4714,16840,23125
2026-07-31,4722,17021,23289
2026-08-01,4789,17215,23447
2026-08-02,4857,17358,23590
2026-08-03,4811,17488,23698
2026-08-04,4865,17501,23786
2026-08-05,4865,17534,23881
2026-08-06,4818,17502,23948
2026-08-07,4924,17532,24015
2026-08-08,4907,17529,24066
2026-08-09,4996,17632,24143
2026-08-10,5004,17696,24197
2026-08-11,4989,17701,24251
2026-08-12,5151,17746,24304
2026-08-13,5063,17796,24329
2026-08-14,5023,17825,24386
2026-08-15,5054,17867,24435
2026-08-16,5155,17900,24476
2026-08-17,5057,17948,24534
2026-08-18,5111,17963,24585
2026-08-19,5048,17967,24626
2026-08-20,5144,17999,24649
2026-08-21,5147,18014,24683
2026-08-22,4977,18000,24705
2026-08-23,5079,17951,24730
2026-08-24,5109,18007,24779
2026-08-25,5006,18021,24816
2026-08-26,5149,17992,24873
2026-08-27,5116,18037,24905
2026-08-28,5044,17981,24934
2026-08-29,5023,17988,24970
2026-08-30,4988,18011,25004
2026-08-31,5182,18066,25037
2026-09-01,5007,17994,25064
2026-09-02,5035,17999,25115
2026-09-03,4953,17980,25145
2026-09-04,5053,17902,25178
2026-09-05,5056,17973,25222
2026-09-06,5136,18022,25253
2026-09-07,5164,18020,25315
2026-09-08,5060,18057,25352
2026-09-09,5158,18097,25387
2026-09-10,5160,18138,25419
2026-09-11,5198,18150,25462
2026-09-12,4988,18183,25485
2026-09-13,5072,18173,25485
2026-09-14,5024,18132,25488
2026-09-15,5027,18133,25517
2026-09-16,5029,18112,25533
2026-09-17,5169,18237,25546
2026-09-18,5091,18251,25563
2026-09-19,5113,18342,25594
2026-09-20,5158,18346,25608
2026-09-21,5162,18381,25638
2026-09-22,5143,18392,25663
2026-09-23,5060,18410,25675
2026-09-24,5072,18306,25703
